{
  "id": "playhub",
  "name": "Playhub",
  "active": true,
  "adult": false,
  "language": ["cast", "lat", "vose"],
  "thumbnail": "https://i.imgur.com/Ujj9zuT.png",
  "banner": "",
  "fanart": "",
  "categories": [
    "anime",
    "tvshow",
    "movie"
  ],
  "force_unify": true,
  "version": 1,
  "settings": [
    {
      "id": "include_in_global_search",
      "type": "bool",
      "label": "Incluir en busqueda global",
      "default": true,
      "enabled": true,
      "visible": true
    },
    {
      "id": "include_in_newest_series",
      "type": "bool",
      "label": "Incluir en Novedades - Episodios de Series",
      "default": true,
      "enabled": true,
      "visible": true
    },
    {
      "id": "include_in_newest_anime",
      "type": "bool",
      "label": "Incluir en Novedades - Episodios de anime",
      "default": true,
      "enabled": true,
      "visible": true
    },
    {
      "id": "include_in_newest_peliculas",
      "type": "bool",
      "label": "Incluir en Novedades - Peliculas",
      "default": true,
      "enabled": true,
      "visible": true
    },
    {
      "id": "filter_languages",
      "type": "list",
      "label": "Mostrar enlaces en idioma...",
      "default": 0,
      "enabled": true,
      "visible": true,
      "lvalues": [
        "No filtrar",
        "Subtitulado",
        "Latino",
        "Castellano"
      ]
    }
  ]
}

