<?xml version="1.0" encoding="utf-8"?>
<window type="dialog" id="1141">
	<coordinates>
		<left>0</left>
		<top>0</top>
	</coordinates>
	<onunload>Skin.SetBool(bpalantir)</onunload>
	<controls>
		<control type="image">
			<include>fullscreenimage</include>
			<texture>background-mask-black.png</texture>
			<aspectratio>scale</aspectratio>
		</control>
		<control type="button">
			<!-- Touch mouse close button -->
			<right>15</right>
			<bottom>15</bottom>
			<width>180</width>
			<height>75</height>
			<texturefocus colordiffuse="$VAR[AccentColor]">backtransparent.png</texturefocus>
			<texturenofocus colordiffuse="midgrey">backtransparent.png</texturenofocus>
			<onclick>Dialog.Close(1141)</onclick>
			<align>center</align>
			<aligny>center</aligny>
			<label>Cerrar</label>
			<font>ctouch19</font>
			<visible>Skin.HasSetting(menulittle)</visible>
		</control>
		<control type="group">
			<centerleft>50%</centerleft>
			<width>750</width>
			<top>100</top>
			<height>1080</height>
			<control type="group">
				<onright>Dialog.close</onright>
				<onleft>Dialog.close</onleft>
				<onup>Dialog.close</onup>
				<ondown>Dialog.close</ondown>
				<control type="image">
					<width>750</width>
					<height>422</height>
					<texture diffuse="diffuse/landscape.png">special://skin/extras/images/extras/bpalantir.jpg</texture>
				</control>
				<control type="textbox">
					<top>460</top>
					<width>750</width>
					<height max="500">auto</height>
					<autoscroll>false</autoscroll>
					<align>justify</align>
					<top>100</top>
					<font>font14</font>
					<label>Al utilizar el Buscador Palantir y encontrar un resultado, cuando quieres utilizarlo de nuevo, el buscador nos presenta la anterior búsqueda.[CR][CR]
Para evitar esto, antes de volver a utilizar el buscador, pulsa en cualquier ítem de Palantir y pulsa rápidamente atrás o volver, usa de nuevo el buscador y ya podrás escribir una nueva búsqueda</label>
				</control>
			</control>
		</control>
	</controls>
</window>