<?xml version="1.0" encoding="utf-8"?>
<window>
	<animation type="WindowOpen">
		<effect type="zoom" start="80" end="100" time="300" tween="back" center="auto"/>
		<effect type="fade" start="0" end="100" time="300" tween="cubic"/>
	</animation>
    <allowoverlays>false</allowoverlays>
    <controls>
		<!-- window_bg -->
        <control type="image" id="3001">
            <posx>320</posx>
            <posy>130</posy>
            <width>600</width>
            <height>440</height>
            <texture>Windows/DialogBack.png</texture>
        </control>
		<!-- header_bg -->
		<control type="image" id="3002">
            <posx>320</posx>
            <posy>138</posy>
            <width>600</width>
            <height>35</height>
            <texture>Windows/dialogheader.png</texture>
        </control>
		<!-- btn_close -->
		<control type="button" id="3003">
			<posx>843</posx>
			<posy>144</posy>
			<width>64</width>
			<height>30</height>
			<texturefocus>Controls/DialogCloseButton-focus.png</texturefocus>
			<texturenofocus>Controls/DialogCloseButton.png</texturenofocus>
		</control>
		<!-- header_title -->
		<control type="label" id="3004">
			<posx>340</posx>
			<posy>143</posy>
			<width>503</width>
			<height>30</height>
			<font>font12_title</font>
			<textcolor>FFFFA500</textcolor>
			<align>center</align>
			<aligny>center</aligny>
			<info>Window.Property(show)</info>
		</control>
		<!-- controls_bg -->
		<control type="image" id="3005">
            <posx>340</posx>
            <posy>179</posy>
            <width>562</width>
            <height>260</height>
            <texture>Windows/BackControls.png</texture>
        </control>
		<!-- scroll_bg -->
		<control type="image" id="3006">
            <posx>895</posx>
            <posy>179</posy>
            <width>10</width>
            <height>260</height>
            <texture>Controls/ScrollBack.png</texture>
        </control>
		<!-- scroll2_bg -->
		<control type="image" id="3007">
            <posx>895</posx>
            <posy>179</posy>
            <width>10</width>
            <height>260</height>
            <texture>Controls/ScrollBar.png</texture>
        </control>
		<!-- btn_add_season -->
		<control type="button" id="3008">
			<posx>340</posx>
			<posy>453</posy>
			<width>165</width>
			<height>30</height>
			<label>Añadir Temporada</label>
			<font>font12</font>
			<align>center</align>
            <aligny>center</aligny>
			<texturefocus>Controls/KeyboardKey.png</texturefocus>
			<texturenofocus>Controls/KeyboardKeyNF.png</texturenofocus>
		</control>
		<!-- btn_info -->
		<control type="button" id="3009">
			<posx>530</posx>
			<posy>453</posy>
			<width>120</width>
			<height>30</height>
			<label>Información</label>
			<font>font12</font>
			<align>center</align>
            <aligny>center</aligny>
			<texturefocus>Controls/KeyboardKey.png</texturefocus>
			<texturenofocus>Controls/KeyboardKeyNF.png</texturenofocus>
		</control>
		<!-- check_update_internet -->
		<control type="radiobutton"  id="3010">
			<posx>665</posx>
			<posy>450</posy>
			<width>235</width>
			<height>34</height>
			<label>Usar TMDB</label>
			<font>font10</font>
			<type>radiobutton</type>
			<texturefocus>Controls/MenuItemFO.png</texturefocus>
			<texturenofocus>Controls/MenuItemNF.png</texturenofocus>
			<textureradioonfocus>Controls/radiobutton-focus.png</textureradioonfocus>
			<textureradioonnofocus>Controls/radiobutton-focus.png</textureradioonnofocus>
			<textureradioofffocus>Controls/radiobutton-nofocus.png</textureradioofffocus>
			<textureradiooffnofocus>Controls/radiobutton-nofocus.png</textureradiooffnofocus>
			<align>left</align>
			<aligny>center</aligny>
		</control>
		<!-- hb_bg -->
        <control type="image" id="3011">
            <posx>340</posx>
            <posy>496</posy>
            <width>560</width>
            <height>2</height>
            <texture>Controls/ScrollBack.png</texture>
        </control>
		<!-- btn_ok -->
		<control type="button" id="3012">
			<posx>388</posx>
			<posy>511</posy>
			<width>120</width>
			<height>30</height>
			<label>OK</label>
			<font>font12</font>
			<align>center</align>
            <aligny>center</aligny>
			<texturefocus>Controls/KeyboardKey.png</texturefocus>
			<texturenofocus>Controls/KeyboardKeyNF.png</texturenofocus>
		</control>
		<!-- btn_cancel -->
		<control type="button" id="3013">
			<posx>560</posx>
			<posy>511</posy>
			<width>120</width>
			<height>30</height>
			<label>Cancelar</label>
			<font>font12</font>
			<align>center</align>
            <aligny>center</aligny>
			<texturefocus>Controls/KeyboardKey.png</texturefocus>
			<texturenofocus>Controls/KeyboardKeyNF.png</texturenofocus>
		</control>
		<!-- btn_delete -->
		<control type="button" id="3014">
			<posx>730</posx>
			<posy>511</posy>
			<width>120</width>
			<height>30</height>
			<label>Borrar</label>
			<font>font12</font>
			<align>center</align>
            <aligny>center</aligny>
			<texturefocus>Controls/KeyboardKey.png</texturefocus>
			<texturenofocus>Controls/KeyboardKeyNF.png</texturenofocus>
		</control>
    </controls>
	<animation type="WindowClose">
        <effect type="fade" start="100" end="0" time="200" tween="linear" ease="in"/>
        <effect type="zoom" start="100" end="90" time="200" tween="back" ease="in" center="auto"/>
    </animation>
</window>
