<?xml version="1.0" encoding="utf-8"?>
<window type="dialog" id="1139">
	<coordinates>
		<left>0</left>
		<top>0</top>
	</coordinates>
	<onunload>Skin.SetBool(warningsports)</onunload>
	<controls>
		<control type="image">
			<include>fullscreenimage</include>
			<texture>background-mask-black.png</texture>
			<aspectratio>scale</aspectratio>
		</control>
		<control type="button">
			<!-- Touch mouse close button -->
			<right>15</right>
			<bottom>15</bottom>
			<width>180</width>
			<height>75</height>
			<texturefocus colordiffuse="$VAR[AccentColor]">backtransparent.png</texturefocus>
			<texturenofocus colordiffuse="midgrey">backtransparent.png</texturenofocus>
			<onclick>Dialog.Close(1139)</onclick>
			<align>center</align>
			<aligny>center</aligny>
			<label>Cerrar</label>
			<font>ctouch19</font>
			<visible>Skin.HasSetting(menulittle)</visible>
		</control>
		<control type="group">
			<centerleft>50%</centerleft>
			<width>750</width>
			<top>100</top>
			<height>1080</height>
			<control type="group">
				<onright>Dialog.close</onright>
				<onleft>Dialog.close</onleft>
				<onup>Dialog.close</onup>
				<ondown>Dialog.close</ondown>
				<control type="image">
					<width>750</width>
					<height>422</height>
					<texture diffuse="diffuse/landscape.png">special://skin/extras/images/extras/waces.jpg</texture>
				</control>
				<control type="textbox">
					<top>460</top>
					<width>750</width>
					<height max="500">auto</height>
					<autoscroll>false</autoscroll>
					<align>justify</align>
					<top>100</top>
					<font>font14</font>
					<label>Para poder ver los enlaces deportivos en directo, es necesario tener instalada la app Acestream.[CR]
Si tu dispositivo es Android, ves a stva.es, en el menú descargas, acestream.[CR]
Si tu Android es un móvil o tablet descarga la versión normal, si utilizas Android TV o Google TV en un TVBox o Tv SmartTV, descarga la versión Acestream ATV.[CR]
Si tu dispositivo es Windows, con abrir una vez el addon Horus es suficiente.</label>
				</control>
			</control>
		</control>
	</controls>
</window>