<?xml version="1.0" encoding="UTF-8"?>
<window>
	<defaultcontrol>100</defaultcontrol>
	<onload>SetProperty(onnext,SetFocus(100))</onload>
	<onload>SetProperty(onback_10052,SetFocus(100))</onload>
	<onload>SetProperty(onback_10053,SetFocus(100))</onload>
	<onload>SetProperty(onback_10054,SetFocus(100))</onload>
	<onload>SetProperty(onback_10055,SetFocus(100))</onload>
	<onload>SetProperty(onback_10056,SetFocus(100))</onload>
	<onload>SetProperty(onback_10057,SetFocus(100))</onload>
	<onload>SetProperty(onback_10058,SetFocus(100))</onload>
	<onload>SetProperty(onback_10059,SetFocus(100))</onload>
	<controls>
		<!-- Storage container for the item details -->
		<control type="list" id="10051">
			<top>-3000</top>
			<left>-3000</left>
			<width>1</width>
			<height>1</height>
			<itemlayout/>
			<focusedlayout/>
		</control>
		<!-- background -->
		<control type="group">
			<animation effect="fade" time="400">VisibleChange</animation>
			<control type="group">
				<control type="image">
					<width>1920</width>
					<height>1080</height>
					<aspectratio>scale</aspectratio>
					<texture>background-iconhome.jpg</texture>
				</control>
			</control>
			<include>background</include>
		</control>
		<control type="image">
			<include>fullscreenimage</include>
			<texture>background-mask-set.png</texture>
			<aspectratio>scale</aspectratio>
			<visible>Window.IsVisible(1136)</visible>
		</control>		
		<!-- infos -->
		<control type="grouplist" id="50">
			<animation type="WindowOpen">
				<effect type="fade" start="0" end="100" time="300" tween="sine" easing="out" />
				<effect type="slide" start="320" end="0" time="400" tween="cubic" easing="out" />
			</animation>
			<animation type="WindowCLose" condition="String.IsEmpty(Window(home).Property(script.embuary.info-nextcall))">
				<effect type="fade" start="100" end="0" time="300" tween="sine" easing="out" />
				<effect type="slide" start="0" end="320" time="300" tween="cubic" easing="out" />
			</animation>
			<animation type="WindowCLose" condition="!String.IsEmpty(Window(home).Property(script.embuary.info-nextcall))">
				<effect type="fade" start="100" end="0" time="0" tween="sine" easing="out" />
			</animation>
			<width>1920</width>
			<height>1080</height>
			<orientation>vertical</orientation>
			<scrolltime tween="cubic" easing="out">500</scrolltime>
			<itemgap>-210</itemgap>
			<usecontrolcoords>true</usecontrolcoords>
			<!-- Meta -->
			<control type="group">
				<top>110</top>
				<height>900</height>
				<!-- poster -->
				<control type="group">
					<left>80</left>
					<width>500</width>
					<height>750</height>
					<control type="image">
						<top>-5</top>
						<left>-5</left>
						<width>530</width>
						<height>780</height>
						<texture background="true">diffuse/bigposter_shadow.png</texture>
						<aspectratio scalediffuse="false">stretch</aspectratio>
					</control>
					<control type="image">
						<top>5</top>
						<left>5</left>
						<width>500</width>
						<height>750</height>
						<texture fallback="DefaultVideo.png" background="true" diffuse="diffuse/bigposter.png">$INFO[Container(10051).ListItem.Art(thumb)]</texture>
						<aspectratio>scale</aspectratio>
					</control>
					<control type="group">
						<visible>Integer.IsGreater(Container(10051).ListItem.Playcount,0)</visible>
						<control type="image">
							<left>0</left>
							<bottom>0</bottom>
							<width>80</width>
							<height>80</height>
							<texture>overlays/overlay-bg.png</texture>
						</control>
						<control type="image">
							<left>5</left>
							<bottom>5</bottom>
							<width>32</width>
							<height>32</height>
							<texture>icons/OverlayWatched.png</texture>
						</control>
					</control>
					<control type="group">
						<visible>!String.IsEmpty(Container(10051).ListItem.DBID)</visible>
						<control type="image">
							<right>0</right>
							<bottom>0</bottom>
							<width>80</width>
							<height>80</height>
							<texture flipx="true">overlays/overlay-bg.png</texture>
						</control>
						<control type="image">
							<right>5</right>
							<bottom>5</bottom>
							<width>32</width>
							<height>32</height>
							<texture>icons/OverlayLocal.png</texture>
						</control>
					</control>
				</control>
				<!-- meta -->
				<control type="group">
					<left>630</left>
					<right>103</right>
					<!-- plot -->
					<control type="textbox">
						<top>20</top>
						<left>0</left>
						<right>375</right>
						<height max="580">auto</height>
						<aligny>top</aligny>
						<label fallback="19055">$INFO[Container(10051).ListItem.Tagline,[B],[/B][CR][CR]]$INFO[Container(10051).ListItem.Plot]</label>
						<font>ctouch20</font>
						<textcolor>ffffffff</textcolor>
						<shadowcolor>50000000</shadowcolor>
						<autoscroll delay="6000" time="3000" repeat="10000">true</autoscroll>
						<visible>!String.IsEqual(Container(10051).ListItem.DBType,season)</visible>
					</control>
					<control type="textbox">
						<top>20</top>
						<left>15</left>
						<right>375</right>
						<height max="580">auto</height>
						<aligny>top</aligny>
						<label>$INFO[Container(10051).ListItem.Season,[B]$LOCALIZE[20373] ,[/B][CR][CR]]$INFO[Container(10051).ListItem.Plot]</label>
						<font>ctouch20</font>
						<textcolor>ffffffff</textcolor>
						<shadowcolor>50000000</shadowcolor>
						<autoscroll delay="6000" time="3000" repeat="10000">true</autoscroll>
						<visible>String.IsEqual(Container(10051).ListItem.DBType,season) + !String.IsEmpty(Container(10051).ListItem.Plot)</visible>
					</control>
					<control type="textbox">
						<top>20</top>
						<left>15</left>
						<right>375</right>
						<height max="580">auto</height>
						<aligny>top</aligny>
						<label>$INFO[Container(10051).ListItem.Season,[B]$LOCALIZE[20373] ,[/B][CR][CR]]$LOCALIZE[19055]</label>
						<font>ctouch20</font>
						<textcolor>ffffffff</textcolor>
						<shadowcolor>50000000</shadowcolor>
						<autoscroll delay="6000" time="3000" repeat="10000">true</autoscroll>
						<visible>String.IsEqual(Container(10051).ListItem.DBType,season) + String.IsEmpty(Container(10051).ListItem.Plot)</visible>
					</control>
					<!-- facts -->
					<control type="grouplist">
						<top>20</top>
						<width>320</width>
						<right>10</right>
						<height>640</height>
						<itemgap>5</itemgap>
						<orientation>vertical</orientation>
						<aligny>top</aligny>
						<control type="label">
							<label>[COLOR FF12A0C7]$LOCALIZE[126]:[/COLOR][CR]$INFO[Container(10051).ListItem.Status]</label>
							<height>80</height>
							<font>ctouch19</font>
							<textcolor>ffffffff</textcolor>
							<shadowcolor>50000000</shadowcolor>
							<scroll>false</scroll>
							<align>left</align>
							<aligny>top</aligny>
							<visible>[String.IsEmpty(Container(10051).ListItem.Premiered) | String.IsEqual(Container(10051).ListItem.DBType,tvshow)] + !String.IsEmpty(Container(10051).ListItem.Status)</visible>
						</control>
						<control type="label">
							<label>[COLOR FF12A0C7]$ADDON[script.embuary.info 32011]:[/COLOR][CR]$INFO[Container(10051).ListItem.Premiered]</label>
							<height>80</height>
							<font>ctouch18</font>
							<textcolor>ffffffff</textcolor>
							<shadowcolor>50000000</shadowcolor>
							<scroll>false</scroll>
							<align>left</align>
							<aligny>top</aligny>
							<visible>!String.IsEmpty(Container(10051).ListItem.Premiered)</visible>
						</control>
						<control type="label">
							<label>[COLOR FF12A0C7]$ADDON[script.embuary.info 32012]:[/COLOR][CR]$INFO[Container(10051).ListItem.Property(release)]</label>
							<height>80</height>
							<font>ctouch19</font>
							<textcolor>ffffffff</textcolor>
							<shadowcolor>50000000</shadowcolor>
							<scroll>false</scroll>
							<align>left</align>
							<aligny>top</aligny>
							<visible>!String.IsEmpty(Container(10051).ListItem.Property(release))</visible>
						</control>
						<control type="label">
							<label>[COLOR FF12A0C7]$LOCALIZE[20074]:[/COLOR][CR]$INFO[Container(10051).ListItem.MPAA]</label>
							<height>80</height>
							<font>ctouch19</font>
							<textcolor>ffffffff</textcolor>
							<shadowcolor>50000000</shadowcolor>
							<scroll>false</scroll>
							<align>left</align>
							<aligny>top</aligny>
							<visible>!String.IsEmpty(Container(10051).ListItem.MPAA)</visible>
						</control>
						<control type="label">
							<label>[COLOR FF12A0C7]TMDb:[/COLOR][CR]$INFO[Container(10051).ListItem.Rating] / 10$INFO[Container(10051).ListItem.Votes, (,)]</label>
							<height>80</height>
							<font>ctouch19</font>
							<textcolor>ffffffff</textcolor>
							<shadowcolor>50000000</shadowcolor>
							<scroll>false</scroll>
							<align>left</align>
							<aligny>top</aligny>
							<visible>!String.IsEmpty(Container(10051).ListItem.Rating)</visible>
						</control>
						<control type="label">
							<label>[COLOR FF12A0C7]IMDb:[/COLOR][CR]$INFO[Container(10051).ListItem.Property(rating.imdb)] / 10$INFO[Container(10051).ListItem.Property(votes.imdb), (,)]</label>
							<height>80</height>
							<font>ctouch19</font>
							<textcolor>ffffffff</textcolor>
							<shadowcolor>50000000</shadowcolor>
							<scroll>false</scroll>
							<visible>!String.IsEmpty(Container(10051).ListItem.Property(rating.imdb))</visible>
						</control>
						<control type="label">
							<label>[COLOR FF12A0C7]Rotten Tomatoes:[/COLOR][CR]$INFO[Container(10051).ListItem.Property(rating.rotten)] / 100$INFO[Container(10051).ListItem.Property(votes.rotten), (,)]</label>
							<height>80</height>
							<font>ctouch19</font>
							<textcolor>ffffffff</textcolor>
							<shadowcolor>50000000</shadowcolor>
							<scroll>false</scroll>
							<align>left</align>
							<aligny>top</aligny>
							<visible>!String.IsEmpty(Container(10051).ListItem.Property(rating.rotten))</visible>
						</control>
						<control type="label">
							<label>[COLOR FF12A0C7]Metacritic:[/COLOR][CR]$INFO[Container(10051).ListItem.Property(rating.metacritic)] / 100</label>
							<height>80</height>
							<font>ctouch19</font>
							<textcolor>ffffffff</textcolor>
							<shadowcolor>50000000</shadowcolor>
							<scroll>false</scroll>
							<align>left</align>
							<aligny>top</aligny>
							<visible>!String.IsEmpty(Container(10051).ListItem.Property(rating.metacritic))</visible>
						</control>
						<control type="label">
							<label>[COLOR FF12A0C7]$ADDON[script.embuary.info 32046]:[/COLOR][CR]$INFO[Container(10051).ListItem.Property(WatchedEpisodes)] / $INFO[Container(10051).ListItem.Property(TotalEpisodes)]</label>
							<height>80</height>
							<font>ctouch19</font>
							<textcolor>ffffffff</textcolor>
							<shadowcolor>50000000</shadowcolor>
							<scroll>false</scroll>
							<align>left</align>
							<aligny>top</aligny>
							<visible>!String.IsEmpty(Container(10051).ListItem.DBID) + !String.IsEmpty(Container(10051).ListItem.Property(WatchedEpisodes)) + !String.IsEmpty(Container(10051).ListItem.Property(TotalEpisodes))</visible>
						</control>
						<control type="label">
							<label>[COLOR FF12A0C7]$ADDON[script.embuary.info 32048]:[/COLOR][CR]$INFO[Container(10051).ListItem.Property(NextEpisode_date)]</label>
							<height>80</height>
							<font>ctouch19</font>
							<textcolor>ffffffff</textcolor>
							<shadowcolor>50000000</shadowcolor>
							<scroll>false</scroll>
							<align>left</align>
							<aligny>top</aligny>
							<visible>!String.IsEmpty(Container(10051).ListItem.Property(NextEpisode_date))</visible>
						</control>
						<control type="label">
							<label>[COLOR FF12A0C7]$LOCALIZE[572]:[/COLOR][CR]$INFO[Container(10051).ListItem.Property(studio.0)]</label>
							<height>80</height>
							<font>ctouch19</font>
							<textcolor>ffffffff</textcolor>
							<shadowcolor>50000000</shadowcolor>
							<scroll>false</scroll>
							<align>left</align>
							<aligny>top</aligny>
							<visible>!String.IsEmpty(Container(10051).ListItem.Property(studio.0))</visible>
						</control>
						<control type="label">
							<label>[COLOR FF12A0C7]$LOCALIZE[705]:[/COLOR][CR]$INFO[Container(10051).ListItem.Property(network.0)]</label>
							<height>80</height>
							<font>ctouch19</font>
							<textcolor>ffffffff</textcolor>
							<shadowcolor>50000000</shadowcolor>
							<scroll>false</scroll>
							<align>left</align>
							<aligny>top</aligny>
							<visible>!String.IsEmpty(Container(10051).ListItem.Property(network.0))</visible>
						</control>
						<control type="label">
							<label>[COLOR FF12A0C7]$ADDON[script.embuary.info 32013]:[/COLOR][CR]$INFO[Container(10051).ListItem.Property(Budget),$]</label>
							<height>80</height>
							<font>ctouch19</font>
							<textcolor>ffffffff</textcolor>
							<shadowcolor>50000000</shadowcolor>
							<scroll>false</scroll>
							<align>left</align>
							<aligny>top</aligny>
							<visible>!String.IsEmpty(Container(10051).ListItem.Property(Budget))</visible>
						</control>
						<control type="label">
							<label>[COLOR FF12A0C7]$ADDON[script.embuary.info 32014]:[/COLOR][CR]$INFO[Container(10051).ListItem.Property(Revenue),$]</label>
							<height>80</height>
							<font>ctouch19</font>
							<textcolor>ffffffff</textcolor>
							<shadowcolor>50000000</shadowcolor>
							<scroll>false</scroll>
							<visible>!String.IsEmpty(Container(10051).ListItem.Property(revenue))</visible>
						</control>
						<control type="label">
							<label>[COLOR FF12A0C7]$ADDON[script.embuary.info 32015]:[/COLOR][CR]$INFO[Container(10051).ListItem.Property(awards)]</label>
							<height>auto</height>
							<font>ctouch19</font>
							<textcolor>ffffffff</textcolor>
							<shadowcolor>50000000</shadowcolor>
							<wrapmultiline>true</wrapmultiline>
							<scroll>false</scroll>
							<align>left</align>
							<aligny>top</aligny>
							<visible>!String.IsEmpty(Container(10051).ListItem.Property(awards))</visible>
						</control>
					</control>
					<!-- buttons -->
					<control type="panel" id="100">
						<left>-21</left>
						<top>680</top>
						<height>60</height>
						<width>100%</width>
						<orientation>horizontal</orientation>
						<defaultcontrol always="true">0</defaultcontrol>
						<onright>noop</onright>
						<onleft>noop</onleft>
						<ondown>10052</ondown>
						<itemlayout height="60" width="260">
							<control type="group">
								<control type="image">
									<width>240</width>
									<height>60</height>
								<texture border="9">button-default.png</texture>
								</control>
								<control type="label">
									<left>0</left>
									<top>0</top>
									<width>240</width>
									<height>60</height>
									<align>center</align>
									<aligny>center</aligny>
									<font>ctouch19</font>
									<textcolor>ffffffff</textcolor>
									<shadowcolor>50000000</shadowcolor>
									<label>$INFO[ListItem.Label]</label>
								</control>
							</control>
						</itemlayout>
						<focusedlayout height="60" width="260">
							<control type="group">
								<control type="image">
									<width>240</width>
									<height>60</height>
									<texture border="9" colordiffuse="$VAR[AccentColor]">button-default-white.png</texture>
									<visible>Control.HasFocus(100)</visible>
								</control>
								<control type="image">
									<width>240</width>
									<height>60</height>
									<texture border="9" colordiffuse="$VAR[AccentColor]">button-default-white.png</texture>
									<visible>!Control.HasFocus(100)</visible>
								</control>
								<control type="label">
									<left>0</left>
									<top>0</top>
									<width>240</width>
									<height>60</height>
									<align>center</align>
									<aligny>center</aligny>
									<font>ctouch19</font>
									<textcolor>ffffffff</textcolor>
									<shadowcolor>50000000</shadowcolor>
									<label>$INFO[ListItem.Label]</label>
								</control>
							</control>
						</focusedlayout>
						<content>
							<item>
								<property name="icon">disable</property>
								<label>$LOCALIZE[15067]</label>
								<onclick>Dialog.Close(all)</onclick>
							</item>
							<item>
								<visible>!String.IsEmpty(Container(10051).ListItem.DBID) + !String.IsEmpty(Container(10051).ListItem.Property(file)) + !String.IsEqual(Container(10051).ListItem.Property(call),tv)</visible>
								<property name="icon">play</property>
								<label>$LOCALIZE[208]</label>
								<onclick>PlayMedia($INFO[Container(10051).ListItem.Property(file)])</onclick>
								<onclick>Dialog.Close(all)</onclick>
							</item>
							<item>
								<visible>!String.IsEmpty(Container(10051).ListItem.DBID) + String.IsEqual(Container(10051).ListItem.Property(call),tv)</visible>
								<property name="icon">browse</property>
								<label>$LOCALIZE[1024]</label>
								<onclick>Dialog.Close(all)</onclick>
								<onclick condition="!Window.IsVisible(MyVideoNav.xml)">ActivateWindow(videos,videodb://tvshows/titles/$INFO[Container(10051).ListItem.DBID]/,return)</onclick>
								<onclick condition="Window.IsVisible(MyVideoNav.xml)">Container.Update(videodb://tvshows/titles/$INFO[Container(10051).ListItem.DBID]/)</onclick>
							</item>
							<item>
								<visible>!String.IsEmpty(Container(10051).ListItem.Plot)</visible>
								<property name="icon">plot</property>
								<label>$LOCALIZE[207]</label>
								<onclick>RunScript(script.embuary.info,call=textviewer,header='$ESCINFO[Container(10051).ListItem.Label]',message='$ESCINFO[Container(10051).ListItem.Plot]')</onclick>
							</item>
						</content>
					</control>
				</control>

			</control>

			<!-- cast -->
			<control type="group">
				<visible>true</visible>
				<visible>Integer.IsGreater(Container(10052).NumItems,0) | Container(10052).IsUpdating</visible>
				<top>50</top>
				<height>715</height>
				<control type="group">
					<control type="label">
						<left>55</left>
						<top>40</top>
						<width>900</width>
						<height>90</height>
						<align>left</align>
						<label>[B]$LOCALIZE[206][/B]</label>
						<textcolor>ffffffff</textcolor>
						<shadowcolor>50000000</shadowcolor>
						<font>ctouch20</font>
					</control>
					<control type="panel" id="10052">
						<movement>6</movement>
						<top>115</top>
						<width>100%</width>
						<ondown>10056</ondown>
						<onup>100</onup>
						<scrolltime tween="cubic" easing="out">500</scrolltime>
						<orientation>horizontal</orientation>
						<onleft>9000</onleft>
						<onright>noop</onright>
						<preloaditems>2</preloaditems>
						<itemlayout width="310" height="561">
							<control type="group">
								<left>68</left>
								<top>10</top>
								<control type="image">
									<left>15</left>
									<top>-10</top>
									<width>290</width>
									<height>500</height>
									<texture background="true">diffuse/bigposter_shadow.png</texture>
									<aspectratio scalediffuse="false">stretch</aspectratio>
								</control>
								<control type="image">
									<left>30</left>
									<top>5</top>
									<width>260</width>
									<height>400</height>
									<texture background="true" diffuse="diffuse/bigposter.png">$INFO[ListItem.Icon]</texture>
									<aspectratio>stretch</aspectratio>
								</control>
								<control type="group">
									<left>29</left>
									<top>300</top>
									<control type="label">
										<width>260</width>
										<label>$INFO[ListItem.Label]</label>
										<font>ctouch16</font>
										<shadowcolor>50000000</shadowcolor>
										<textoffsetx>10</textoffsetx>
										<scroll>false</scroll>
										<align>center</align>
									</control>
									<control type="label">
										<top>58</top>
										<width>260</width>
										<label>$INFO[ListItem.Label2]</label>
										<font>ctouch19</font>
										<shadowcolor>50000000</shadowcolor>
										<textoffsetx>10</textoffsetx>
										<scroll>false</scroll>
										<align>center</align>
									</control>
								</control>
							</control>
						</itemlayout>
						<focusedlayout width="310" height="561">
							<control type="group">
								<left>68</left>
								<top>10</top>
								<animation type="Focus">
									<effect type="zoom" start="100" end="110" time="200" tween="sine" easing="inout" center="230,65" />
								</animation>
								<animation type="Unfocus">
									<effect type="zoom" start="110" end="100" time="200" tween="sine" easing="inout" center="230,65" />
								</animation>
								<control type="image">
									<left>15</left>
									<top>-10</top>
									<width>290</width>
									<height>500</height>
									<texture background="true">diffuse/bigposter_shadow.png</texture>
									<aspectratio scalediffuse="false">stretch</aspectratio>
								</control>
								<control type="image">
									<left>30</left>
									<top>5</top>
									<width>260</width>
									<height>400</height>
									<texture background="true" diffuse="diffuse/bigposter.png">$INFO[ListItem.Icon]</texture>
									<aspectratio>scale</aspectratio>
								</control>
								<control type="group">
									<left>29</left>
									<top>300</top>
									<control type="label">
										<width>260</width>
										<label>$INFO[ListItem.Label]</label>
										<font>ctouch18</font>
										<shadowcolor>50000000</shadowcolor>
										<textoffsetx>10</textoffsetx>
										<scroll>true</scroll>
										<align>center</align>
									</control>
									<control type="label">
										<top>58</top>
										<width>260</width>
										<label>$INFO[ListItem.Label2]</label>
										<font>ctouch19</font>
										<shadowcolor>50000000</shadowcolor>
										<textoffsetx>10</textoffsetx>
										<scroll>true</scroll>
										<align>center</align>
									</control>
								</control>
							</control>
						</focusedlayout>
					</control>
				</control>
			</control>

			<!-- crew -->
			<control type="group">
				<visible>true</visible>
				<visible>Integer.IsGreater(Container(10056).NumItems,0) | Container(10056).IsUpdating</visible>
				<top>80</top>
				<height>715</height>
				<control type="group">
					<control type="label">
						<left>55</left>
						<top>40</top>
						<width>900</width>
						<height>90</height>
						<align>left</align>
						<label>[B]$ADDON[script.embuary.info 32018][/B]</label>
						<textcolor>ffffffff</textcolor>
						<shadowcolor>50000000</shadowcolor>
						<font>ctouch20</font>
						<visible>!String.IsEqual(Container(10051).ListItem.DBType,season)</visible>
					</control>
					<control type="label">
						<left>55</left>
						<top>40</top>
						<width>900</width>
						<height>90</height>
						<align>left</align>
						<label>[B]$ADDON[script.embuary.info 32039][/B]</label>
						<textcolor>ffffffff</textcolor>
						<shadowcolor>50000000</shadowcolor>
						<font>ctouch20</font>
						<visible>String.IsEqual(Container(10051).ListItem.DBType,season)</visible>
					</control>
					<control type="panel" id="10056">
						<movement>6</movement>
						<top>115</top>
						<width>100%</width>
						<ondown>10057</ondown>
						<onup>10052</onup>
						<scrolltime tween="cubic" easing="out">500</scrolltime>
						<orientation>horizontal</orientation>
						<onleft>9000</onleft>
						<onright>noop</onright>
						<preloaditems>2</preloaditems>
						<itemlayout width="310" height="561">
							<control type="group">
								<left>68</left>
								<top>10</top>
								<control type="image">
									<left>15</left>
									<top>-10</top>
									<width>290</width>
									<height>500</height>
									<texture background="true">diffuse/bigposter_shadow.png</texture>
									<aspectratio scalediffuse="false">stretch</aspectratio>
								</control>
								<control type="image">
									<left>30</left>
									<top>5</top>
									<width>260</width>
									<height>400</height>
									<texture background="true" diffuse="diffuse/bigposter.png">$INFO[ListItem.Icon]</texture>
									<aspectratio>stretch</aspectratio>
								</control>
								<control type="group">
									<left>29</left>
									<top>300</top>
									<control type="label">
										<width>260</width>
										<label>$INFO[ListItem.Label]</label>
										<font>ctouch16</font>
										<shadowcolor>50000000</shadowcolor>
										<textoffsetx>10</textoffsetx>
										<scroll>false</scroll>
										<align>center</align>
									</control>
									<control type="label">
										<top>58</top>
										<width>260</width>
										<label>$INFO[ListItem.Label2]</label>
										<font>ctouch19</font>
										<shadowcolor>50000000</shadowcolor>
										<textoffsetx>10</textoffsetx>
										<scroll>false</scroll>
										<align>center</align>
									</control>
								</control>
							</control>
						</itemlayout>
						<focusedlayout width="310" height="561">
							<control type="group">
								<left>68</left>
								<top>10</top>
								<animation type="Focus">
									<effect type="zoom" start="100" end="110" time="200" tween="sine" easing="inout" center="230,65" />
								</animation>
								<animation type="Unfocus">
									<effect type="zoom" start="110" end="100" time="200" tween="sine" easing="inout" center="230,65" />
								</animation>
								<control type="image">
									<left>15</left>
									<top>-10</top>
									<width>290</width>
									<height>500</height>
									<texture background="true">diffuse/bigposter_shadow.png</texture>
									<aspectratio scalediffuse="false">stretch</aspectratio>
								</control>
								<control type="image">
									<left>30</left>
									<top>5</top>
									<width>260</width>
									<height>400</height>
									<texture background="true" diffuse="diffuse/bigposter.png">$INFO[ListItem.Icon]</texture>
									<aspectratio>scale</aspectratio>
								</control>
								<control type="group">
									<left>29</left>
									<top>300</top>
									<control type="label">
										<width>260</width>
										<label>$INFO[ListItem.Label]</label>
										<font>ctouch18</font>
										<shadowcolor>50000000</shadowcolor>
										<textoffsetx>10</textoffsetx>
										<scroll>true</scroll>
										<align>center</align>
									</control>
									<control type="label">
										<top>58</top>
										<width>260</width>
										<label>$INFO[ListItem.Label2]</label>
										<font>ctouch19</font>
										<shadowcolor>50000000</shadowcolor>
										<textoffsetx>10</textoffsetx>
										<scroll>true</scroll>
										<align>center</align>
									</control>
								</control>
							</control>
						</focusedlayout>
					</control>
				</control>
			</control>

			<!-- collection -->
			<control type="group">
				<visible>true</visible>
				<visible>Integer.IsGreater(Container(10057).NumItems,0) | Container(10057).IsUpdating</visible>
				<top>80</top>
				<height>715</height>
				<control type="group">
					<control type="label">
						<left>55</left>
						<top>40</top>
						<width>900</width>
						<height>90</height>
						<align>left</align>
						<label>[B]$ADDON[script.embuary.info 32037]: $INFO[Container(10051).ListItem.Property(collection)][/B]</label>
						<textcolor>ffffffff</textcolor>
						<shadowcolor>50000000</shadowcolor>
						<font>ctouch20</font>
					</control>
					<control type="panel" id="10057">
						<movement>6</movement>
						<top>115</top>
						<width>100%</width>
						<ondown>10058</ondown>
						<onup>10056</onup>
						<scrolltime tween="cubic" easing="out">500</scrolltime>
						<orientation>horizontal</orientation>
						<onleft>9000</onleft>
						<onright>noop</onright>
						<preloaditems>2</preloaditems>
						<itemlayout width="310" height="561">
							<control type="group">
								<left>68</left>
								<top>10</top>
								<control type="image">
									<left>15</left>
									<top>-10</top>
									<width>290</width>
									<height>475</height>
									<texture background="true">diffuse/bigposter_shadow.png</texture>
									<aspectratio scalediffuse="false">stretch</aspectratio>
								</control>
								<control type="image">
									<left>30</left>
									<top>5</top>
									<width>260</width>
									<height>400</height>
									<texture background="true" diffuse="diffuse/bigposter.png">$INFO[ListItem.Icon]</texture>
									<aspectratio>stretch</aspectratio>
								</control>
								<control type="group">
									<left>29</left>
									<top>300</top>
									<control type="label">
										<width>260</width>
										<label>$INFO[ListItem.Label]</label>
										<font>ctouch16</font>
										<shadowcolor>50000000</shadowcolor>
										<textoffsetx>10</textoffsetx>
										<scroll>false</scroll>
										<align>center</align>
									</control>
									<control type="label">
										<top>58</top>
										<width>260</width>
										<label>$INFO[ListItem.Label2]</label>
										<font>ctouch19</font>
										<shadowcolor>50000000</shadowcolor>
										<textoffsetx>10</textoffsetx>
										<scroll>false</scroll>
										<align>center</align>
									</control>
								</control>
							</control>
						</itemlayout>
						<focusedlayout width="310" height="561">
							<control type="group">
								<left>68</left>
								<top>10</top>
								<animation type="Focus">
									<effect type="zoom" start="100" end="110" time="200" tween="sine" easing="inout" center="230,65" />
								</animation>
								<animation type="Unfocus">
									<effect type="zoom" start="110" end="100" time="200" tween="sine" easing="inout" center="230,65" />
								</animation>
								<control type="image">
									<left>15</left>
									<top>-10</top>
									<width>290</width>
									<height>475</height>
									<texture background="true">diffuse/bigposter_shadow.png</texture>
									<aspectratio scalediffuse="false">stretch</aspectratio>
								</control>
								<control type="image">
									<left>30</left>
									<top>5</top>
									<width>260</width>
									<height>400</height>
									<texture background="true" diffuse="diffuse/bigposter.png">$INFO[ListItem.Icon]</texture>
									<aspectratio>scale</aspectratio>
								</control>
								<control type="group">
									<left>29</left>
									<top>300</top>
									<control type="label">
										<width>260</width>
										<label>$INFO[ListItem.Label]</label>
										<font>ctouch18</font>
										<shadowcolor>50000000</shadowcolor>
										<textoffsetx>10</textoffsetx>
										<scroll>true</scroll>
										<align>center</align>
									</control>
									<control type="label">
										<top>58</top>
										<width>260</width>
										<label>$INFO[ListItem.Label2]</label>
										<font>ctouch19</font>
										<shadowcolor>50000000</shadowcolor>
										<textoffsetx>10</textoffsetx>
										<scroll>true</scroll>
										<align>center</align>
									</control>
								</control>
							</control>
						</focusedlayout>
					</control>
				</control>
			</control>

			<!-- seasons -->
			<control type="group">
				<visible>true</visible>
				<visible>Integer.IsGreater(Container(10058).NumItems,0) | Container(10058).IsUpdating</visible>
				<top>80</top>
				<height>715</height>
				<control type="group">
					<control type="label">
						<left>55</left>
						<top>40</top>
						<width>900</width>
						<height>90</height>
						<align>left</align>
						<label>[B]$LOCALIZE[33054][/B]</label>
						<textcolor>ffffffff</textcolor>
						<shadowcolor>50000000</shadowcolor>
						<font>ctouch20</font>
					</control>
					<control type="panel" id="10058">
						<movement>6</movement>
						<top>115</top>
						<width>100%</width>
						<ondown>10053</ondown>
						<onup>10057</onup>
						<scrolltime tween="cubic" easing="out">500</scrolltime>
						<orientation>horizontal</orientation>
						<onleft>9000</onleft>
						<onright>noop</onright>
						<preloaditems>2</preloaditems>
						<itemlayout width="310" height="561">
							<control type="group">
								<left>68</left>
								<top>10</top>
								<control type="image">
									<left>15</left>
									<top>-10</top>
									<width>290</width>
									<height>475</height>
									<texture background="true">diffuse/bigposter_shadow.png</texture>
									<aspectratio scalediffuse="false">stretch</aspectratio>
								</control>
								<control type="image">
									<left>30</left>
									<top>5</top>
									<width>260</width>
									<height>400</height>
									<texture background="true" diffuse="diffuse/bigposter.png">$INFO[ListItem.Icon]</texture>
									<aspectratio>stretch</aspectratio>
								</control>
								<control type="group">
									<left>29</left>
									<top>300</top>
									<control type="label">
										<width>260</width>
										<label>$INFO[ListItem.Label]</label>
										<font>ctouch16</font>
										<shadowcolor>50000000</shadowcolor>
										<textoffsetx>10</textoffsetx>
										<scroll>false</scroll>
										<align>center</align>
									</control>
									<control type="label">
										<top>58</top>
										<width>260</width>
										<label>$INFO[ListItem.Label2]</label>
										<font>ctouch19</font>
										<shadowcolor>50000000</shadowcolor>
										<textoffsetx>10</textoffsetx>
										<scroll>false</scroll>
										<align>center</align>
									</control>
								</control>
							</control>
						</itemlayout>
						<focusedlayout width="310" height="561">
							<control type="group">
								<left>68</left>
								<top>10</top>
								<animation type="Focus">
									<effect type="zoom" start="100" end="110" time="200" tween="sine" easing="inout" center="230,65" />
								</animation>
								<animation type="Unfocus">
									<effect type="zoom" start="110" end="100" time="200" tween="sine" easing="inout" center="230,65" />
								</animation>
								<control type="image">
									<left>15</left>
									<top>-10</top>
									<width>290</width>
									<height>475</height>
									<texture background="true">diffuse/bigposter_shadow.png</texture>
									<aspectratio scalediffuse="false">stretch</aspectratio>
								</control>
								<control type="image">
									<left>30</left>
									<top>5</top>
									<width>260</width>
									<height>400</height>
									<texture background="true" diffuse="diffuse/bigposter.png">$INFO[ListItem.Icon]</texture>
									<aspectratio>scale</aspectratio>
								</control>
								<control type="group">
									<left>29</left>
									<top>300</top>
									<control type="label">
										<width>260</width>
										<label>$INFO[ListItem.Label]</label>
										<font>ctouch18</font>
										<shadowcolor>50000000</shadowcolor>
										<textoffsetx>10</textoffsetx>
										<scroll>true</scroll>
										<align>center</align>
									</control>
									<control type="label">
										<top>58</top>
										<width>260</width>
										<label>$INFO[ListItem.Label2]</label>
										<font>ctouch19</font>
										<shadowcolor>50000000</shadowcolor>
										<textoffsetx>10</textoffsetx>
										<scroll>true</scroll>
										<align>center</align>
									</control>
								</control>
							</control>
						</focusedlayout>
					</control>
				</control>
			</control>

			<!-- similar -->
			<control type="group">
				<visible>true</visible>
				<visible>Integer.IsGreater(Container(10053).NumItems,0) | Container(10053).IsUpdating</visible>
				<top>80</top>
				<height>715</height>
				<control type="group">
					<control type="label">
						<left>55</left>
						<top>40</top>
						<width>900</width>
						<height>90</height>
						<align>left</align>
						<label>[B]$ADDON[script.embuary.info 32009][/B]</label>
						<textcolor>ffffffff</textcolor>
						<shadowcolor>50000000</shadowcolor>
						<font>ctouch20</font>
					</control>
					<control type="panel" id="10053">
						<movement>6</movement>
						<top>115</top>
						<width>100%</width>
						<ondown>10054</ondown>
						<onup>10058</onup>
						<scrolltime tween="cubic" easing="out">500</scrolltime>
						<orientation>horizontal</orientation>
						<onleft>9000</onleft>
						<onright>noop</onright>
						<preloaditems>2</preloaditems>
						<itemlayout width="310" height="561">
							<control type="group">
								<left>68</left>
								<top>10</top>
								<control type="image">
									<left>15</left>
									<top>-10</top>
									<width>290</width>
									<height>475</height>
									<texture background="true">diffuse/bigposter_shadow.png</texture>
									<aspectratio scalediffuse="false">stretch</aspectratio>
								</control>
								<control type="image">
									<left>30</left>
									<top>5</top>
									<width>260</width>
									<height>400</height>
									<texture background="true" diffuse="diffuse/bigposter.png">$INFO[ListItem.Icon]</texture>
									<aspectratio>stretch</aspectratio>
								</control>
								<control type="group">
									<left>29</left>
									<top>300</top>
									<control type="label">
										<width>260</width>
										<label>$INFO[ListItem.Label]</label>
										<font>ctouch16</font>
										<shadowcolor>50000000</shadowcolor>
										<textoffsetx>10</textoffsetx>
										<scroll>false</scroll>
										<align>center</align>
									</control>
									<control type="label">
										<top>58</top>
										<width>260</width>
										<label>$INFO[ListItem.Label2]</label>
										<font>ctouch19</font>
										<shadowcolor>50000000</shadowcolor>
										<textoffsetx>10</textoffsetx>
										<scroll>false</scroll>
										<align>center</align>
									</control>
								</control>
							</control>
						</itemlayout>
						<focusedlayout width="310" height="561">
							<control type="group">
								<left>68</left>
								<top>10</top>
								<animation type="Focus">
									<effect type="zoom" start="100" end="110" time="200" tween="sine" easing="inout" center="230,65" />
								</animation>
								<animation type="Unfocus">
									<effect type="zoom" start="110" end="100" time="200" tween="sine" easing="inout" center="230,65" />
								</animation>
								<control type="image">
									<left>15</left>
									<top>-10</top>
									<width>290</width>
									<height>475</height>
									<texture background="true">diffuse/bigposter_shadow.png</texture>
									<aspectratio scalediffuse="false">stretch</aspectratio>
								</control>
								<control type="image">
									<left>30</left>
									<top>5</top>
									<width>260</width>
									<height>400</height>
									<texture background="true" diffuse="diffuse/bigposter.png">$INFO[ListItem.Icon]</texture>
									<aspectratio>scale</aspectratio>
								</control>
								<control type="group">
									<left>29</left>
									<top>300</top>
									<control type="label">
										<width>260</width>
										<label>$INFO[ListItem.Label]</label>
										<font>ctouch18</font>
										<shadowcolor>50000000</shadowcolor>
										<textoffsetx>10</textoffsetx>
										<scroll>true</scroll>
										<align>center</align>
									</control>
									<control type="label">
										<top>58</top>
										<width>260</width>
										<label>$INFO[ListItem.Label2]</label>
										<font>ctouch19</font>
										<shadowcolor>50000000</shadowcolor>
										<textoffsetx>10</textoffsetx>
										<scroll>true</scroll>
										<align>center</align>
									</control>
								</control>
							</control>
						</focusedlayout>
					</control>
				</control>
			</control>

			<!-- videos -->
			<control type="group">
				<visible>true</visible>
				<visible>Integer.IsGreater(Container(10054).NumItems,0) | Container(10054).IsUpdating</visible>
				<top>80</top>
				<height>643</height>
				<control type="group">
					<control type="label">
						<left>55</left>
						<top>40</top>
						<width>900</width>
						<height>90</height>
						<align>left</align>
						<label>[B]$LOCALIZE[3][/B]</label>
						<textcolor>ffffffff</textcolor>
						<shadowcolor>50000000</shadowcolor>
						<font>ctouch20</font>
					</control>
					<control type="panel" id="10054">
						<movement>6</movement>
						<top>115</top>
						<width>100%</width>
						<ondown>10055</ondown>
						<onup>10053</onup>
						<scrolltime tween="cubic" easing="out">500</scrolltime>
						<orientation>horizontal</orientation>
						<onleft>9000</onleft>
						<onright>noop</onright>
						<preloaditems>2</preloaditems>
						<itemlayout width="640" height="450">
							<control type="group">
								<left>68</left>
								<top>10</top>
								<control type="image">
									<left>5</left>
									<top>-10</top>
									<width>620</width>
									<height>450</height>
									<texture background="true">diffuse/landscape_shadow.png</texture>
									<aspectratio scalediffuse="false">stretch</aspectratio>
								</control>
								<control type="image">
									<left>30</left>
									<top>10</top>
									<width>580</width>
									<height>320</height>
									<texture background="true" diffuse="diffuse/landscape.png">$INFO[ListItem.Icon]</texture>
									<aspectratio scalediffuse="false" align="center" aligny="center">scale</aspectratio>
								</control>
								<control type="group">
									<left>29</left>
									<top>280</top>
									<control type="label">
										<width>557</width>
										<label>$INFO[ListItem.Label]</label>
										<font>ctouch18</font>
										<shadowcolor>50000000</shadowcolor>
										<textoffsetx>10</textoffsetx>
										<scroll>false</scroll>
										<align>center</align>
									</control>
									<control type="label">
										<top>58</top>
										<width>557</width>
										<label>$INFO[ListItem.label2]</label>
										<font>ctouch19</font>
										<shadowcolor>50000000</shadowcolor>
										<textoffsetx>10</textoffsetx>
										<scroll>false</scroll>
										<align>center</align>
									</control>
								</control>
							</control>
						</itemlayout>
						<focusedlayout width="640" height="450">
							<control type="group">
								<left>68</left>
								<top>10</top>
								<animation type="Focus">
									<effect type="zoom" start="100" end="110" time="200" tween="sine" easing="inout" center="366,65" />
								</animation>
								<animation type="Unfocus">
									<effect type="zoom" start="110" end="100" time="200" tween="sine" easing="inout" center="366,65" />
								</animation>
								<control type="image">
									<left>5</left>
									<top>-10</top>
									<width>620</width>
									<height>450</height>
									<texture background="true">diffuse/landscape_shadow.png</texture>
									<aspectratio scalediffuse="false">stretch</aspectratio>
								</control>
								<control type="image">
									<left>30</left>
									<top>10</top>
									<width>580</width>
									<height>320</height>
									<texture background="true" diffuse="diffuse/landscape.png">$INFO[ListItem.Icon]</texture>
									<aspectratio scalediffuse="false" align="center" aligny="center">scale</aspectratio>
								</control>
								<control type="group">
									<left>29</left>
									<top>280</top>
									<control type="label">
										<width>555</width>
										<label>$INFO[ListItem.Label]</label>
										<font>ctouch18</font>
										<shadowcolor>50000000</shadowcolor>
										<textoffsetx>10</textoffsetx>
										<scroll>true</scroll>
										<align>center</align>
									</control>
									<control type="label">
										<top>58</top>
										<width>555</width>
										<label>$INFO[ListItem.label2]</label>
										<font>ctouch19</font>
										<shadowcolor>50000000</shadowcolor>
										<textoffsetx>10</textoffsetx>
										<scroll>true</scroll>
										<align>center</align>
									</control>
								</control>
							</control>
						</focusedlayout>
					</control>
				</control>
			</control>

			<!-- images -->
			<control type="group">
				<visible>true</visible>
				<visible>Integer.IsGreater(Container(10055).NumItems,0) | Container(10055).IsUpdating</visible>
				<top>80</top>
				<height>643</height>
				<control type="group">
					<control type="label">
						<left>55</left>
						<top>40</top>
						<width>900</width>
						<height>90</height>
						<align>left</align>
						<label>[B]$ADDON[script.embuary.info 32010][/B]</label>
						<textcolor>ffffffff</textcolor>
						<shadowcolor>50000000</shadowcolor>
						<font>ctouch20</font>
					</control>
					<control type="panel" id="10055">
						<movement>6</movement>
						<top>115</top>
						<width>100%</width>
						<ondown>10059</ondown>
						<onup>10054</onup>
						<scrolltime tween="cubic" easing="out">500</scrolltime>
						<orientation>horizontal</orientation>
						<onleft>9000</onleft>
						<onright>noop</onright>
						<preloaditems>2</preloaditems>
						<itemlayout width="640" height="400">
							<control type="group">
								<left>68</left>
								<top>10</top>
								<control type="image">
									<left>5</left>
									<top>-10</top>
									<width>620</width>
									<height>400</height>
									<texture background="true">diffuse/landscape_shadow.png</texture>
									<aspectratio scalediffuse="false">stretch</aspectratio>
								</control>
								<control type="image">
									<left>30</left>
									<top>10</top>
									<width>580</width>
									<height>320</height>
									<texture background="true" diffuse="diffuse/landscape.png">$INFO[ListItem.Icon]</texture>
									<aspectratio scalediffuse="false" align="center" aligny="center">scale</aspectratio>
								</control>
								<control type="group">
									<left>29</left>
									<top>300</top>
									<control type="label">
										<width>557</width>
										<label>$INFO[ListItem.Label]</label>
										<font>ctouch18</font>
										<shadowcolor>50000000</shadowcolor>
										<textoffsetx>10</textoffsetx>
										<scroll>false</scroll>
										<align>center</align>
									</control>
									<control type="label">
										<top>58</top>
										<width>557</width>
										<label>$INFO[ListItem.label2]</label>
										<font>ctouch19</font>
										<shadowcolor>50000000</shadowcolor>
										<textoffsetx>10</textoffsetx>
										<scroll>false</scroll>
										<align>center</align>
									</control>
								</control>
							</control>
						</itemlayout>
						<focusedlayout width="640" height="400">
							<control type="group">
								<left>68</left>
								<top>10</top>
								<animation type="Focus">
									<effect type="zoom" start="100" end="110" time="200" tween="sine" easing="inout" center="366,65" />
								</animation>
								<animation type="Unfocus">
									<effect type="zoom" start="110" end="100" time="200" tween="sine" easing="inout" center="366,65" />
								</animation>
								<control type="image">
									<left>5</left>
									<top>-10</top>
									<width>620</width>
									<height>400</height>
									<texture background="true">diffuse/landscape_shadow.png</texture>
									<aspectratio scalediffuse="false">stretch</aspectratio>
								</control>
								<control type="image">
									<left>30</left>
									<top>10</top>
									<width>580</width>
									<height>320</height>
									<texture background="true" diffuse="diffuse/landscape.png">$INFO[ListItem.Icon]</texture>
									<aspectratio scalediffuse="false" align="center" aligny="center">scale</aspectratio>
								</control>
								<control type="group">
									<left>29</left>
									<top>300</top>
									<control type="label">
										<width>555</width>
										<label>$INFO[ListItem.Label]</label>
										<font>ctouch18</font>
										<shadowcolor>50000000</shadowcolor>
										<textoffsetx>10</textoffsetx>
										<scroll>true</scroll>
										<align>center</align>
									</control>
									<control type="label">
										<top>58</top>
										<width>555</width>
										<label>$INFO[ListItem.label2]</label>
										<font>ctouch19</font>
										<shadowcolor>50000000</shadowcolor>
										<textoffsetx>10</textoffsetx>
										<scroll>true</scroll>
										<align>center</align>
									</control>
								</control>
							</control>
						</focusedlayout>
					</control>
				</control>
			</control>

			<!-- posters -->
			<control type="group">
				<visible>true</visible>
				<visible>Integer.IsGreater(Container(10059).NumItems,0) | Container(10059).IsUpdating</visible>
				<top>80</top>
				<height>715</height>
				<control type="group">
					<control type="label">
						<left>55</left>
						<top>40</top>
						<width>900</width>
						<height>90</height>
						<align>left</align>
						<label>[B]$LOCALIZE[20021][/B]</label>
						<textcolor>ffffffff</textcolor>
						<shadowcolor>50000000</shadowcolor>
						<font>ctouch20</font>
					</control>
					<control type="panel" id="10059">
						<movement>6</movement>
						<top>115</top>
						<width>100%</width>
						<ondown>noop</ondown>
						<onup>10055</onup>
						<scrolltime tween="cubic" easing="out">500</scrolltime>
						<orientation>horizontal</orientation>
						<onleft>9000</onleft>
						<onright>noop</onright>
						<preloaditems>2</preloaditems>
						<itemlayout width="310" height="561">
							<control type="group">
								<left>68</left>
								<top>10</top>
								<control type="image">
									<left>15</left>
									<top>-10</top>
									<width>290</width>
									<height>475</height>
									<texture background="true">diffuse/bigposter_shadow.png</texture>
									<aspectratio scalediffuse="false">stretch</aspectratio>
								</control>
								<control type="image">
									<left>30</left>
									<top>5</top>
									<width>260</width>
									<height>400</height>
									<texture background="true" diffuse="diffuse/bigposter.png">$INFO[ListItem.Icon]</texture>
									<aspectratio>stretch</aspectratio>
								</control>
								<control type="group">
									<left>29</left>
									<top>300</top>
									<control type="label">
										<width>260</width>
										<label>$INFO[ListItem.Label]</label>
										<font>ctouch16</font>
										<shadowcolor>50000000</shadowcolor>
										<textoffsetx>10</textoffsetx>
										<scroll>false</scroll>
										<align>center</align>
									</control>
									<control type="label">
										<top>58</top>
										<width>260</width>
										<label>$INFO[ListItem.Label2]</label>
										<font>ctouch19</font>
										<shadowcolor>50000000</shadowcolor>
										<textoffsetx>10</textoffsetx>
										<scroll>false</scroll>
										<align>center</align>
									</control>
								</control>
							</control>
						</itemlayout>
						<focusedlayout width="310" height="561">
							<control type="group">
								<left>68</left>
								<top>10</top>
								<animation type="Focus">
									<effect type="zoom" start="100" end="110" time="200" tween="sine" easing="inout" center="230,65" />
								</animation>
								<animation type="Unfocus">
									<effect type="zoom" start="110" end="100" time="200" tween="sine" easing="inout" center="230,65" />
								</animation>
								<control type="image">
									<left>15</left>
									<top>-10</top>
									<width>290</width>
									<height>475</height>
									<texture background="true">diffuse/bigposter_shadow.png</texture>
									<aspectratio scalediffuse="false">stretch</aspectratio>
								</control>
								<control type="image">
									<left>30</left>
									<top>5</top>
									<width>260</width>
									<height>400</height>
									<texture background="true" diffuse="diffuse/bigposter.png">$INFO[ListItem.Icon]</texture>
									<aspectratio>scale</aspectratio>
								</control>
								<control type="group">
									<left>29</left>
									<top>300</top>
									<control type="label">
										<width>260</width>
										<label>$INFO[ListItem.Label]</label>
										<font>ctouch18</font>
										<shadowcolor>50000000</shadowcolor>
										<textoffsetx>10</textoffsetx>
										<scroll>true</scroll>
										<align>center</align>
									</control>
									<control type="label">
										<top>58</top>
										<width>260</width>
										<label>$INFO[ListItem.Label2]</label>
										<font>ctouch19</font>
										<shadowcolor>50000000</shadowcolor>
										<textoffsetx>10</textoffsetx>
										<scroll>true</scroll>
										<align>center</align>
									</control>
								</control>
							</control>
						</focusedlayout>
					</control>
				</control>
			</control>

		</control>

		<!-- title -->
		<control type="group">
			<control type="image">
				<left>0</left>
				<top>0</top>
				<width>110%</width>
				<height>170</height>
				<texture>frame/InfoBar.png</texture>
			</control>
			<control type="group">
				<left>80</left>
				<height>100</height>
				<animation effect="fade" start="0" end="100" time="300">WindowOpen</animation>
				<animation effect="fade" start="100" end="0" time="200" condition="String.IsEmpty(Window(home).Property(script.embuary.info-nextcall))">WindowClose</animation>
				<animation effect="fade" start="100" end="0" time="0" condition="!String.IsEmpty(Window(home).Property(script.embuary.info-nextcall))">WindowClose</animation>
				<control type="label">
					<left>0</left>
					<right>150</right>
					<width>1600</width>
					<label>$INFO[Container(10051).ListItem.Label]</label>
					<font>ctouch23w</font>
					<shadowcolor>50000000</shadowcolor>
					<height>100</height>
				</control>				
			</control>
		</control>

	</controls>
</window>